{
    "Agent": {
        "total": 0.14090657234191895
    },
    "Env": {
        "apply_act": 7.512320518493652,
        "observation_computation": 3.6477720737457275,
        "powerflow_computation": 38.827361822128296,
        "total": 49.987454414367676
    },
    "total": 51.07228136062622
}